{"dahdah122":" ","TrynrafahxD":"eyJ0ZXh0dXJlcyI6eyJTS0lOIjp7InVybCI6Imh0dHA6Ly90ZXh0dXJlcy5taW5lY3JhZnQubmV0L3RleHR1cmUvY2JjNzBiZTVmZmE5YzkzYzJlYjVjOTBkNTBhMGY5MGYwOTMxYTkyNzI1NTA5MDUzMjkxNTRkY2RlNzg3MGIzOSJ9fX0=","lu23":"eyJ0ZXh0dXJlcyI6eyJTS0lOIjp7InVybCI6Imh0dHA6Ly90ZXh0dXJlcy5taW5lY3JhZnQubmV0L3RleHR1cmUvZDI2YTJjMWRhNTA1OGExNjFjZTZjNzRmNzc1N2QyYzc5NjkyOTU4NTk1N2JhOTUyMTVhNTgxZDBhYjJiNWE0OCJ9fX0=","Rafaramirex":"eyJ0ZXh0dXJlcyI6eyJTS0lOIjp7InVybCI6Imh0dHA6Ly90ZXh0dXJlcy5taW5lY3JhZnQubmV0L3RleHR1cmUvY2JjNzBiZTVmZmE5YzkzYzJlYjVjOTBkNTBhMGY5MGYwOTMxYTkyNzI1NTA5MDUzMjkxNTRkY2RlNzg3MGIzOSJ9fX0=","lal0":"eyJ0ZXh0dXJlcyI6eyJTS0lOIjp7InVybCI6Imh0dHA6Ly90ZXh0dXJlcy5taW5lY3JhZnQubmV0L3RleHR1cmUvZDc3NTI1OWRmMDc0Mjk4ZWM5YjJkN2E2NDc1YjFhMzMwMmI5ZTNmZDEyMmYyNjFlMzU0MGZkNmRlNjMzYzBiMSJ9fX0="}