{"stats":{"minecraft:custom":{"minecraft:jump":450,"minecraft:open_chest":2,"minecraft:time_since_rest":20138,"minecraft:leave_game":1,"minecraft:damage_dealt":60,"minecraft:walk_on_water_one_cm":1709,"minecraft:sprint_one_cm":72331,"minecraft:play_time":20138,"minecraft:damage_taken":110,"minecraft:time_since_death":20138,"minecraft:walk_one_cm":12472,"minecraft:sneak_time":247,"minecraft:total_world_time":20138,"minecraft:walk_under_water_one_cm":191,"minecraft:swim_one_cm":1818,"minecraft:fall_one_cm":5518,"minecraft:fly_one_cm":254925},"minecraft:mined":{"minecraft:grass":2,"minecraft:grass_block":1},"minecraft:picked_up":{"minecraft:dirt":1}},"DataVersion":3465}