{"stats":{"minecraft:picked_up":{"minecraft:arrow":1,"minecraft:bone":2,"minecraft:dirt":1},"minecraft:used":{"minecraft:netherite_sword":3},"minecraft:killed":{"minecraft:skeleton":1},"minecraft:mined":{"minecraft:grass":2,"minecraft:grass_block":1},"minecraft:custom":{"minecraft:time_since_rest":31592,"minecraft:open_chest":2,"minecraft:crouch_one_cm":12,"minecraft:sprint_one_cm":81601,"minecraft:play_time":31592,"minecraft:damage_taken":110,"minecraft:walk_one_cm":14238,"minecraft:sneak_time":313,"minecraft:walk_under_water_one_cm":3587,"minecraft:mob_kills":1,"minecraft:jump":532,"minecraft:damage_dealt":240,"minecraft:leave_game":3,"minecraft:walk_on_water_one_cm":2046,"minecraft:time_since_death":31592,"minecraft:total_world_time":31592,"minecraft:swim_one_cm":2010,"minecraft:fall_one_cm":5518,"minecraft:fly_one_cm":352038}},"DataVersion":3465}