{
  "minecraft:recipes/decorations/crafting_table": {
    "criteria": {
      "unlock_right_away": "2024-02-25 17:50:34 +0000"
    },
    "done": true
  },
  "minecraft:adventure/adventuring_time": {
    "criteria": {
      "minecraft:taiga": "2024-02-25 17:50:38 +0000",
      "minecraft:frozen_river": "2024-02-25 17:53:50 +0000",
      "minecraft:beach": "2024-02-25 17:54:59 +0000",
      "minecraft:river": "2024-02-25 18:01:00 +0000",
      "minecraft:forest": "2024-02-25 18:00:20 +0000",
      "minecraft:plains": "2024-02-25 18:00:25 +0000"
    },
    "done": false
  },
  "minecraft:story/lava_bucket": {
    "criteria": {
      "lava_bucket": "2024-02-25 17:57:17 +0000"
    },
    "done": true
  },
  "DataVersion": 3465
}